market_id,market,countryiso3,admin1,admin2,latitude,longitude
80,Arusha (urban),TZA,Arusha,Arusha Urban,-3.37,36.68
81,Babati,TZA,Manyara,Babati Urban,-4.22,35.75
82,Bukoba,TZA,Kagera,Bukoba Urban,-1.33,31.81
83,Dar Es Salaam,TZA,Dar-es-salaam,Ilala,-6.8,39.28
84,Dodoma (Majengo),TZA,Dodoma,Mpwapwa,-7.29,36.34
85,Iringa Urban,TZA,Iringa,Iringa Urban,-7.77,35.7
86,Kigoma,TZA,Kigoma,Kigoma Municipal-Ujiji,-4.88,29.63
87,Lindi,TZA,Lindi,Lindi Urban,-10,39.72
88,Mwanjelwa,TZA,Mbeya,Mbeya Urban,-8.9,33.45
89,Morogoro,TZA,Morogoro,Morogoro Urban,-6.82,37.67
90,Moshi,TZA,Kilimanjaro,Moshi Municipal,-3.35,37.33
91,Mtwara DC,TZA,Mtwara,Mtwara Urban,-10.27,40.18
92,Mwanza,TZA,Mwanza,Nyamagana,-2.52,32.9
93,Shinyanga,TZA,Shinyanga,Shinyanga Urban,-3.67,33.43
94,Singida,TZA,Singida,Singida Urban,-4.82,34.75
95,Songea,TZA,Ruvuma,Songea Urban,-10.68,35.65
96,Tabora,TZA,Tabora,Tabora Urban,-5.02,32.8
97,Tanga / Mgandini,TZA,Tanga,Tanga,-5.07,39.1
99,Musoma,TZA,Mara,Musoma Municipal,-1.5,33.8
100,Sumbawanga,TZA,Rukwa,Sumbawanga Urban,-7.97,31.62
1798,Geita,TZA,Geita,Geita,-2.89,32.23
1800,Njombe,TZA,Njombe,Wanging'ombe,-8.91,34.69
1801,Mpanda,TZA,Katavi,Mpanda Urban,-6.35,31.07
2799,Ilala (Buguruni),TZA,Dar-es-salaam,Ilala,-6.84,39.25
2800,Kinondoni (Tandale),TZA,Dar-es-salaam,Kinondoni,-6.8,39.24
2801,Temeke (Tandika),TZA,Dar-es-salaam,Temeke,-6.87,39.26
2820,Kibaigwa,TZA,Dodoma,Kongwa,-6.08,36.65
3797,Manyanya,TZA,Dar-es-salaam,Kinondoni,-6.79,39.26
3798,Mwananyamala,TZA,Dar-es-salaam,Kinondoni,-6.79,39.25
3799,Tegeta Nyuki,TZA,Dar-es-salaam,Kinondoni,-6.66,39.18
3800,Ilala Boma,TZA,Dar-es-salaam,Ilala,-6.83,39.26
3801,Kariakoo,TZA,Dar-es-salaam,Ilala,-6.82,39.28
3802,Mabibo,TZA,Dar-es-salaam,Kinondoni,-6.8,39.22
3803,Mawasiliano,TZA,Dar-es-salaam,Kinondoni,-6.79,39.22
3804,Stereo,TZA,Dar-es-salaam,Temeke,-6.86,39.26
3807,Buhongwa,TZA,Mwanza,Nyamagana,-2.63,32.95
3808,Mbugani,TZA,Mwanza,Nyamagana,-2.52,32.91
3809,Mkuyuni,TZA,Mwanza,Nyamagana,-2.56,32.91
3810,Nyegezi,TZA,Mwanza,Nyamagana,-2.59,32.92
3811,Mirongo,TZA,Mwanza,Nyamagana,-2.52,32.91
3812,Kirumba,TZA,Mwanza,Ilemela,-2.5,32.9
3813,Kitangiri,TZA,Mwanza,Ilemela,-2.49,32.9
3814,Ibungiro,TZA,Mwanza,Ilemela,-2.49,32.92
3815,Buzuruga,TZA,Mwanza,Ilemela,-2.53,32.94
3816,Sabasaba,TZA,Mwanza,Ilemela,-2.47,32.92
3817,Kwa Mabata,TZA,Mjini Magharibi,Mjini,-6.17,39.23
3818,Mombasa Kwa Mchina,TZA,Mjini Magharibi,Mjini,-6.19,39.22
3819,Mwanakwerekwe,TZA,Mjini Magharibi,Mjini,-6.18,39.22
3820,Darajani,TZA,Mjini Magharibi,Mjini,-6.16,39.19
3821,Jumbi,TZA,Mjini Magharibi,Magharibi,-6.2,39.28
3822,Ngalawa,TZA,Mjini Magharibi,Magharibi,-6.08,39.21
3823,Saa Teni,TZA,Mjini Magharibi,Mjini,-6.15,39.21
3824,Kwa Haji Tumbo,TZA,Mjini Magharibi,Mjini,-6.16,39.21
3825,Mkokotoni,TZA,Kaskazini Unguja,Kaskazini A,-5.87,39.26
4538,Arusha Region,TZA,Arusha,Ngorongoro,-2.97,35.92
4539,Dar es Salaam Region,TZA,Dar-es-salaam,Temeke,-6.89,39.26
4540,Dodoma Region,TZA,Dodoma,Dodoma Urban,-5.93,35.92
4541,Geita Region,TZA,Geita,Mbogwe,-3.3,31.9
4542,Iringa Region,TZA,Iringa,Iringa Rural,-7.8,35.48
4543,Kagera Region,TZA,Kagera,Muleba,-1.88,31.45
4544,Katavi Region,TZA,Katavi,Mlele,-6.42,31.32
4545,Kilimanjaro Region,TZA,Kilimanjaro,Mwanga,-3.76,37.64
4546,Kigoma Region,TZA,Kigoma,Kasulu,-4.76,30.4
4547,Lindi Region,TZA,Lindi,Liwale,-9.48,38.41
4548,Manyara Region,TZA,Manyara,Simanjiro,-4.53,36.55
4549,Mara Region,TZA,Mara,Butiama,-1.71,34.08
4550,Mbeya Region,TZA,Mbeya,Chunya,-8.23,33.35
4551,Morogoro Region,TZA,Morogoro,Kilombero,-7.92,36.99
4552,Mtwara Region,TZA,Mtwara,Masasi,-10.78,39.12
4553,Njombe Region,TZA,Njombe,Njombe Urban,-9.45,34.71
4554,Pwani Region,TZA,Pwani,Kisarawe,-7.27,38.66
4555,Rukwa Region,TZA,Rukwa,Nkasi,-7.95,31.36
4556,Ruvuma Region,TZA,Ruvuma,Namtumbo,-10.73,36.25
4557,Shinyanga Region,TZA,Shinyanga,Kahama,-3.75,32.94
4558,Simiyu Region,TZA,Simiyu,Meatu,-3.03,34.28
4559,Singida Region,TZA,Singida,Manyoni,-5.75,34.5
4560,Tabora Region,TZA,Tabora,Sikonge,-5.27,32.82
4561,Tanga Region,TZA,Tanga,Handeni,-5.22,38.28
4562,Mwanza Region,TZA,Mwanza,Nyamagana,-2.52,32.91
4601,Mbeya (SIDO),TZA,Mbeya,Mbeya Urban,-8.91,33.46
5527,Tanga,TZA,Tanga,Tanga,-5.08,39.1
5663,Songwe Region,TZA,Mbeya,Chunya,-8.42,33.03
6176,Sumbawanga (Katumba),TZA,Rukwa,Sumbawanga Urban,-8.07,31.67
7951,Kumsenga,TZA,Kigoma,Kasulu Township Authority,-4.57,30.1
7952,Kwa Shayo,TZA,Kigoma,Kasulu Township Authority,-4.56,30.13
7953,Zakhem,TZA,Dar-es-salaam,Temeke,-6.92,39.27
7954,Mbagala Rangi Tatu,TZA,Dar-es-salaam,Temeke,-6.92,39.27
7955,Sofya,TZA,Kigoma,Kasulu Township Authority,-4.57,30.1
8313,Zanzibar Islands,TZA,Mjini Magharibi,Mjini,-6.16,39.21
8952,Kibondo Central Market,TZA,Kigoma,Kibondo,-3.59,30.72
8954,Kabwigwa,TZA,Kigoma,Kibondo,-3.59,30.71
9647,Mpimbwe DC,TZA,Katavi,Mlele,-7.1,31.24
9685,Bariadi TC,TZA,Simiyu,Bariadi,-2.8,33.98
9686,Kibaha TC,TZA,Pwani,Kibaha Urban,-6.77,38.98
9760,Ubungo (Mbezi),TZA,Dar-es-salaam,Kinondoni,-6.79,39.11
9761,Mlowo,TZA,Mbeya,Mbozi,-9.01,33
9869,Namfua,TZA,Singida,Singida Urban,-4.83,34.76
10511,Mnadani,TZA,Kigoma,Kasulu Township Authority,-4.55,30.12
10613,Jida,TZA,Mtwara,Masasi,-10.77,39.11
10614,Newala town,TZA,Mtwara,Newala,-10.94,39.27
10615,Mkunya,TZA,Mtwara,Newala,-10.99,39.26
10616,Tandahimba,TZA,Mtwara,Tandahimba,-10.77,39.63
10617,Mahuta,TZA,Mtwara,Tandahimba,-10.88,39.43
10618,Mchichira,TZA,Mtwara,Tandahimba,-10.9,39.54
10619,Kilwa Masoko,TZA,Lindi,Kilwa,-8.93,39.51
10620,Kilwa Kivinje,TZA,Lindi,Kilwa,-8.75,39.41
10621,Somanga,TZA,Lindi,Kilwa,-8.39,39.28
10622,Zain,TZA,Lindi,Liwale,-9.8,37.93
10623,Ruangwa main,TZA,Lindi,Ruangwa,-10.06,38.93
10624,Mkuti,TZA,Mtwara,Masasi,-10.72,39.11
10625,Matogolo,TZA,Mtwara,Tandahimba,-10.75,39.63
10626,Liwale (Bus Stand),TZA,Lindi,Liwale,-9.8,37.92
10627,Soko jipya,TZA,Lindi,Ruangwa,-10.08,38.94
10634,Chuno,TZA,Mtwara,Mtwara Urban,-10.28,40.17
11321,Heru Ushingo,TZA,Kigoma,Kasulu,-4.19,30.24
11322,Nyarugusu Village,TZA,Kigoma,Kasulu,-4.18,30.32
11323,Mvugwe,TZA,Kigoma,Kasulu,-4.2,30.49
11324,Makere,TZA,Kigoma,Kasulu,-4.28,30.43
11325,Kitagata,TZA,Kigoma,Kasulu,-4.37,30.38
11326,Kitahana,TZA,Kigoma,Kibondo,-3.64,30.68
11327,Nazareth,TZA,Kigoma,Kigoma Municipal-Ujiji,-4.88,29.65
11328,Nyamidaho,TZA,Kigoma,Kasulu,-4.23,30.47
11329,Nyachenda,TZA,Kigoma,Kasulu,-4.39,30.35
